pair,prompt,cut,group,tasks,text_rate,text_ci_lo,text_ci_hi,video_rate,video_ci_lo,video_ci_hi,diff,diff_ci_lo,diff_ci_hi,union_rate,union_ci_lo,union_ci_hi,both,text_only,video_only,neither
5B,layout,0.9,overall,95,0.2779,0.2084,0.3495,0.2232,0.1579,0.2905,0.0547,-0.04,0.1495,0.4379,0.3558,0.5158,30,102,76,267
5B,layout,0.9,in_domain,47,0.3106,0.2128,0.4128,0.3362,0.234,0.4553,-0.0255,-0.1702,0.1191,0.5489,0.434,0.6596,23,50,56,106
5B,layout,0.9,out_of_domain,48,0.2458,0.15,0.3458,0.1125,0.0583,0.175,0.1333,0.0208,0.25,0.3292,0.2292,0.425,7,52,20,161
5B,layout,0.9,selection_marking,41,0.3317,0.2195,0.439,0.2341,0.1366,0.3366,0.0976,-0.0488,0.2439,0.5024,0.3756,0.6244,13,55,35,102
5B,layout,0.9,multi_object_discrete,26,0.2077,0.0846,0.3462,0.1769,0.0615,0.3154,0.0308,-0.1462,0.2077,0.3462,0.2,0.5077,5,22,18,85
5B,layout,0.9,single_agent_path,11,0.1636,0.0364,0.3273,0.2727,0.0545,0.5273,-0.1091,-0.3455,0.0909,0.3455,0.1636,0.5818,5,4,10,36
5B,layout,0.9,continuous,17,0.3294,0.1529,0.5294,0.2353,0.0941,0.3882,0.0941,-0.1294,0.3294,0.4824,0.3176,0.6471,7,21,13,44
5B,layout,0.9,pixel_answer,45,0.1333,0.0622,0.2133,0.2489,0.1511,0.3556,-0.1156,-0.2444,0.0044,0.3422,0.2356,0.4533,9,21,47,148
5B,layout,0.9,other_answer,50,0.408,0.304,0.512,0.2,0.12,0.288,0.208,0.076,0.332,0.524,0.416,0.632,21,81,29,119
5B,layout,0.7,overall,95,0.2779,0.2084,0.3495,0.3747,0.2989,0.4568,-0.0968,-0.2021,0.0063,0.5474,0.4674,0.6274,50,82,128,215
5B,layout,0.7,in_domain,47,0.3106,0.2128,0.4128,0.5617,0.4468,0.6766,-0.2511,-0.4043,-0.0979,0.7106,0.6085,0.8085,38,35,94,68
5B,layout,0.7,out_of_domain,48,0.2458,0.15,0.3458,0.1917,0.1125,0.275,0.0542,-0.0792,0.1833,0.3875,0.2833,0.4917,12,47,34,147
5B,layout,0.7,selection_marking,41,0.3317,0.2195,0.439,0.3707,0.2537,0.4927,-0.039,-0.2049,0.122,0.5854,0.4585,0.7024,24,44,52,85
5B,layout,0.7,multi_object_discrete,26,0.2077,0.0846,0.3462,0.2692,0.1308,0.4231,-0.0615,-0.2538,0.1385,0.4231,0.2692,0.5769,7,20,28,75
5B,layout,0.7,single_agent_path,11,0.1636,0.0364,0.3273,0.4545,0.2364,0.6727,-0.2909,-0.5273,-0.0727,0.5091,0.3091,0.7091,6,3,19,27
5B,layout,0.7,continuous,17,0.3294,0.1529,0.5294,0.4941,0.3059,0.6824,-0.1647,-0.4353,0.1059,0.6706,0.4941,0.8353,13,15,29,28
5B,layout,0.7,pixel_answer,45,0.1333,0.0622,0.2133,0.3689,0.2533,0.4933,-0.2356,-0.3778,-0.1022,0.44,0.3244,0.56,14,16,69,126
5B,layout,0.7,other_answer,50,0.408,0.304,0.512,0.38,0.276,0.492,0.028,-0.12,0.176,0.644,0.54,0.748,36,66,59,89
5B,direct,0.9,overall,95,0.3305,0.2526,0.4063,0.2232,0.1579,0.2905,0.1074,0.0063,0.2042,0.4758,0.3958,0.5558,37,120,69,249
5B,direct,0.9,in_domain,47,0.3574,0.2468,0.4723,0.3362,0.234,0.4553,0.0213,-0.1362,0.1745,0.5702,0.4553,0.6851,29,55,50,101
5B,direct,0.9,out_of_domain,48,0.3042,0.2083,0.4042,0.1125,0.0583,0.175,0.1917,0.075,0.3125,0.3833,0.2792,0.4917,8,65,19,148
5B,direct,0.9,selection_marking,41,0.4293,0.3122,0.5366,0.2341,0.1366,0.3366,0.1951,0.039,0.3415,0.5659,0.4488,0.678,20,68,28,89
5B,direct,0.9,multi_object_discrete,26,0.2462,0.1077,0.4077,0.1769,0.0615,0.3154,0.0692,-0.1308,0.2769,0.3846,0.2308,0.5538,5,27,18,80
5B,direct,0.9,single_agent_path,11,0.1455,0.0364,0.2727,0.2727,0.0545,0.5273,-0.1273,-0.3273,0.0545,0.3455,0.1455,0.5818,4,4,11,36
5B,direct,0.9,continuous,17,0.3412,0.1529,0.5647,0.2353,0.0941,0.3882,0.1059,-0.1294,0.3529,0.4824,0.2941,0.6706,8,21,12,44
5B,direct,0.9,pixel_answer,45,0.2133,0.1289,0.3067,0.2489,0.1511,0.3556,-0.0356,-0.1644,0.0889,0.3911,0.2844,0.5022,16,32,40,137
5B,direct,0.9,other_answer,50,0.436,0.324,0.552,0.2,0.12,0.288,0.236,0.088,0.38,0.552,0.44,0.664,21,88,29,112
5B,direct,0.7,overall,95,0.3305,0.2526,0.4063,0.3747,0.2989,0.4568,-0.0442,-0.1537,0.0611,0.5874,0.5116,0.6653,56,101,122,196
5B,direct,0.7,in_domain,47,0.3574,0.2468,0.4723,0.5617,0.4468,0.6766,-0.2043,-0.366,-0.034,0.7319,0.6298,0.8298,44,40,88,63
5B,direct,0.7,out_of_domain,48,0.3042,0.2083,0.4042,0.1917,0.1125,0.275,0.1125,-0.0208,0.2458,0.4458,0.3417,0.5542,12,61,34,133
5B,direct,0.7,selection_marking,41,0.4293,0.3122,0.5366,0.3707,0.2537,0.4927,0.0585,-0.1073,0.2244,0.6537,0.5366,0.761,30,58,46,71
5B,direct,0.7,multi_object_discrete,26,0.2462,0.1077,0.4077,0.2692,0.1308,0.4231,-0.0231,-0.2385,0.2154,0.4615,0.3077,0.6231,7,25,28,70
5B,direct,0.7,single_agent_path,11,0.1455,0.0364,0.2727,0.4545,0.2364,0.6727,-0.3091,-0.5091,-0.1091,0.5091,0.2909,0.7273,5,3,20,27
5B,direct,0.7,continuous,17,0.3412,0.1529,0.5647,0.4941,0.3059,0.6824,-0.1529,-0.4118,0.1294,0.6706,0.4824,0.8471,14,15,28,28
5B,direct,0.7,pixel_answer,45,0.2133,0.1289,0.3067,0.3689,0.2533,0.4933,-0.1556,-0.2978,-0.0178,0.4933,0.3822,0.6044,20,28,63,114
5B,direct,0.7,other_answer,50,0.436,0.324,0.552,0.38,0.276,0.492,0.056,-0.104,0.216,0.672,0.568,0.776,36,73,59,82
27B,layout,0.9,overall,95,0.4589,0.3789,0.5389,0.4105,0.3305,0.4947,0.0484,-0.0653,0.1642,0.6821,0.6105,0.7516,89,129,106,151
27B,layout,0.9,in_domain,47,0.4723,0.3617,0.5787,0.4809,0.3702,0.6,-0.0085,-0.1617,0.1404,0.7064,0.6043,0.8,58,53,55,69
27B,layout,0.9,out_of_domain,48,0.4458,0.3333,0.5583,0.3417,0.2375,0.4583,0.1042,-0.0625,0.2667,0.6583,0.5542,0.7542,31,76,51,82
27B,layout,0.9,selection_marking,41,0.5561,0.4439,0.6683,0.4976,0.3805,0.6146,0.0585,-0.0927,0.2195,0.761,0.6585,0.8537,60,54,42,49
27B,layout,0.9,multi_object_discrete,26,0.4308,0.2769,0.5846,0.3385,0.1923,0.4923,0.0923,-0.1538,0.3308,0.6692,0.5231,0.7923,13,43,31,43
27B,layout,0.9,single_agent_path,11,0.1636,0.0182,0.3455,0.4545,0.2364,0.6727,-0.2909,-0.4909,-0.1091,0.4727,0.2727,0.6909,8,1,17,29
27B,layout,0.9,continuous,17,0.4588,0.2588,0.6588,0.2824,0.1176,0.4706,0.1765,-0.1294,0.4824,0.6471,0.4588,0.8235,8,31,16,30
27B,layout,0.9,pixel_answer,45,0.3422,0.24,0.4533,0.4489,0.3333,0.56,-0.1067,-0.2711,0.0578,0.6444,0.5378,0.7422,33,44,68,80
27B,layout,0.9,other_answer,50,0.564,0.452,0.668,0.376,0.268,0.488,0.188,0.036,0.336,0.716,0.616,0.808,56,85,38,71
27B,layout,0.7,overall,95,0.4589,0.3789,0.5389,0.5916,0.5137,0.6695,-0.1326,-0.2463,-0.0189,0.7832,0.7179,0.8442,127,91,154,103
27B,layout,0.7,in_domain,47,0.4723,0.3617,0.5787,0.7447,0.6511,0.8383,-0.2723,-0.4213,-0.1277,0.8596,0.783,0.9277,84,27,91,33
27B,layout,0.7,out_of_domain,48,0.4458,0.3333,0.5583,0.4417,0.3292,0.5542,0.0042,-0.1708,0.175,0.7083,0.6083,0.8,43,64,63,70
27B,layout,0.7,selection_marking,41,0.5561,0.4439,0.6683,0.6488,0.5317,0.761,-0.0927,-0.2341,0.0634,0.8293,0.7317,0.9122,77,37,56,35
27B,layout,0.7,multi_object_discrete,26,0.4308,0.2769,0.5846,0.4923,0.3308,0.6538,-0.0615,-0.3154,0.2,0.7692,0.6308,0.8769,20,36,44,30
27B,layout,0.7,single_agent_path,11,0.1636,0.0182,0.3455,0.6,0.3818,0.8182,-0.4364,-0.6727,-0.2,0.6182,0.4,0.8364,8,1,25,21
27B,layout,0.7,continuous,17,0.4588,0.2588,0.6588,0.6,0.4118,0.7882,-0.1412,-0.4353,0.1647,0.8,0.6471,0.9294,22,17,29,17
27B,layout,0.7,pixel_answer,45,0.3422,0.24,0.4533,0.6089,0.4933,0.7156,-0.2667,-0.4222,-0.0978,0.7511,0.6533,0.8356,45,32,92,56
27B,layout,0.7,other_answer,50,0.564,0.452,0.668,0.576,0.464,0.688,-0.012,-0.168,0.144,0.812,0.716,0.896,82,59,62,47
27B,direct,0.9,overall,95,0.5032,0.4189,0.5832,0.4105,0.3305,0.4947,0.0926,-0.0232,0.2063,0.7053,0.6337,0.7768,99,140,96,140
27B,direct,0.9,in_domain,47,0.5149,0.4,0.6298,0.4809,0.3702,0.6,0.034,-0.1191,0.183,0.7191,0.6213,0.817,65,56,48,66
27B,direct,0.9,out_of_domain,48,0.4917,0.3833,0.6,0.3417,0.2375,0.4583,0.15,-0.0208,0.3125,0.6917,0.5917,0.7875,34,84,48,74
27B,direct,0.9,selection_marking,41,0.6146,0.4976,0.722,0.4976,0.3805,0.6146,0.1171,-0.0341,0.278,0.7951,0.6976,0.8829,65,61,37,42
27B,direct,0.9,multi_object_discrete,26,0.4769,0.3231,0.6385,0.3385,0.1923,0.4923,0.1385,-0.1077,0.3846,0.6923,0.5462,0.8231,16,46,28,40
27B,direct,0.9,single_agent_path,11,0.2364,0.0727,0.4364,0.4545,0.2364,0.6727,-0.2182,-0.4182,-0.0364,0.5091,0.3091,0.7091,10,3,15,27
27B,direct,0.9,continuous,17,0.4471,0.2471,0.6471,0.2824,0.1176,0.4706,0.1647,-0.1412,0.4706,0.6353,0.4471,0.8118,8,30,16,31
27B,direct,0.9,pixel_answer,45,0.3911,0.28,0.5067,0.4489,0.3333,0.56,-0.0578,-0.2178,0.1067,0.6622,0.5556,0.7644,40,48,61,76
27B,direct,0.9,other_answer,50,0.604,0.496,0.708,0.376,0.268,0.488,0.228,0.076,0.376,0.744,0.648,0.836,59,92,35,64
27B,direct,0.7,overall,95,0.5032,0.4189,0.5832,0.5916,0.5137,0.6695,-0.0884,-0.2063,0.0274,0.8042,0.7432,0.8632,138,101,143,93
27B,direct,0.7,in_domain,47,0.5149,0.4,0.6298,0.7447,0.6511,0.8383,-0.2298,-0.3787,-0.0851,0.8638,0.7915,0.9277,93,28,82,32
27B,direct,0.7,out_of_domain,48,0.4917,0.3833,0.6,0.4417,0.3292,0.5542,0.05,-0.125,0.225,0.7458,0.65,0.8333,45,73,61,61
27B,direct,0.7,selection_marking,41,0.6146,0.4976,0.722,0.6488,0.5317,0.761,-0.0341,-0.1805,0.122,0.8585,0.7707,0.9317,83,43,50,29
27B,direct,0.7,multi_object_discrete,26,0.4769,0.3231,0.6385,0.4923,0.3308,0.6538,-0.0154,-0.2692,0.2462,0.7769,0.6385,0.8923,25,37,39,29
27B,direct,0.7,single_agent_path,11,0.2364,0.0727,0.4364,0.6,0.3818,0.8182,-0.3636,-0.6182,-0.1091,0.6545,0.4364,0.8545,10,3,23,19
27B,direct,0.7,continuous,17,0.4471,0.2471,0.6471,0.6,0.4118,0.7882,-0.1529,-0.4588,0.1647,0.8118,0.6706,0.9412,20,18,31,16
27B,direct,0.7,pixel_answer,45,0.3911,0.28,0.5067,0.6089,0.4933,0.7156,-0.2178,-0.3822,-0.04,0.7778,0.6889,0.8533,50,38,87,50
27B,direct,0.7,other_answer,50,0.604,0.496,0.708,0.576,0.464,0.688,0.028,-0.128,0.184,0.828,0.736,0.908,88,63,56,43
