system,task_class,correct,wrong,no_answer,truncated
qwen3.5-4b_layout,all,132,215,58,70
qwen3.5-4b_layout,selection_marking,68,111,13,13
qwen3.5-4b_layout,multi_object_discrete,27,35,35,33
qwen3.5-4b_layout,single_agent_path,9,35,3,8
qwen3.5-4b_layout,continuous,28,34,7,16
qwen3.5-4b_direct,all,157,192,8,118
qwen3.5-4b_direct,selection_marking,88,97,1,19
qwen3.5-4b_direct,multi_object_discrete,32,45,4,49
qwen3.5-4b_direct,single_agent_path,8,20,0,27
qwen3.5-4b_direct,continuous,29,30,3,23
qwen3.5-9b_layout,all,166,180,3,126
qwen3.5-9b_layout,selection_marking,88,93,1,23
qwen3.5-9b_layout,multi_object_discrete,42,35,0,53
qwen3.5-9b_layout,single_agent_path,5,21,1,28
qwen3.5-9b_layout,continuous,31,31,1,22
qwen3.5-9b_direct,all,145,247,23,60
qwen3.5-9b_direct,selection_marking,75,106,12,12
qwen3.5-9b_direct,multi_object_discrete,32,76,7,15
qwen3.5-9b_direct,single_agent_path,2,33,1,19
qwen3.5-9b_direct,continuous,36,32,3,14
qwen3.6-27b_layout,all,218,139,0,118
qwen3.6-27b_layout,selection_marking,114,65,0,26
qwen3.6-27b_layout,multi_object_discrete,56,25,0,49
qwen3.6-27b_layout,single_agent_path,9,16,0,30
qwen3.6-27b_layout,continuous,39,33,0,13
qwen3.6-27b_direct,all,239,143,0,93
qwen3.6-27b_direct,selection_marking,126,64,0,15
qwen3.6-27b_direct,multi_object_discrete,62,31,0,37
qwen3.6-27b_direct,single_agent_path,13,18,0,24
qwen3.6-27b_direct,continuous,38,30,0,17
